<?xml version="1.0" encoding="UTF-8"?>
<questestinterop xmlns="http://www.imsglobal.org/xsd/ims_qtiasiv1p2" xmlns:xsi="http://www.w3.org/2001/XMLSchema-instance" xsi:schemaLocation="http://www.imsglobal.org/xsd/ims_qtiasiv1p2 http://www.imsglobal.org/xsd/ims_qtiasiv1p2p1.xsd">
  <assessment ident="g1c6a08de5d81ae5a3fb030b7eef4e678" title="Comunicación 3 - Vocabulary Activity 01">
    <qtimetadata>
      <qtimetadatafield>
        <fieldlabel>cc_maxattempts</fieldlabel>
        <fieldentry>1</fieldentry>
      </qtimetadatafield>
      <qtimetadatafield>
              <fieldlabel>ACTFL_Communication</fieldlabel>
              <fieldentry>Interpretive</fieldentry>
            </qtimetadatafield>
            <qtimetadatafield>
              <fieldlabel>FL_Benchmark_Code1</fieldlabel>
              <fieldentry>WL.K12.NM.2.1</fieldentry>
            </qtimetadatafield>
             <qtimetadatafield>
              <fieldlabel>FL_Benchmark_Code2</fieldlabel>
              <fieldentry>WL.K12.NM.2.3</fieldentry>
            </qtimetadatafield>
             <qtimetadatafield>
              <fieldlabel>FL_Benchmark_Code3</fieldlabel>
              <fieldentry>WL.K12.NM.2.4</fieldentry>
            </qtimetadatafield>
    </qtimetadata>
    <section ident="root_section">
      <item ident="g039d7441c974f31f56e353f755bd6379" title="simple-choice4">
        <itemmetadata>
          <qtimetadata>
            <qtimetadatafield>
              <fieldlabel>question_type</fieldlabel>
              <fieldentry>matching_question</fieldentry>
            </qtimetadatafield>
            <qtimetadatafield>
              <fieldlabel>points_possible</fieldlabel>
              <fieldentry>1</fieldentry>
            </qtimetadatafield>
            <qtimetadatafield>
              <fieldlabel>original_answer_ids</fieldlabel>
              <fieldentry>56431,86801,67497,15869,40290</fieldentry>
            </qtimetadatafield>
            <qtimetadatafield>
              <fieldlabel>assessment_question_identifierref</fieldlabel>
              <fieldentry>g2336f5fc96d3595ebf0201f762027386</fieldentry>
            </qtimetadatafield>
          </qtimetadata>
        </itemmetadata>
        <presentation>
          <material>
            <mattext texttype="text/html">&lt;div&gt;What do the following young people like to do? Look at each picture and match it with the activity it represents.&lt;/div&gt;</mattext>
          </material>
          <response_lid ident="response_56431">
            <material>
              <mattext texttype="text/html">&lt;div style="margin-right:10px;"&gt;&lt;img src="https://cdn.waysidepublishing.com/textbooks/QTI/ECS1/ECS1_U1_VGQ_VQ3_Activity1_Q1.jpg" alt="A young woman sitting in front of a computer with headphones on and holding a game controller."&gt;&lt;/div&gt;</mattext>
            </material>
            <render_choice>
              <response_label ident="33944">
                <material>
                  <mattext>escribir poemas</mattext>
                </material>
              </response_label>
              <response_label ident="51245">
                <material>
                  <mattext>comer con los amigos</mattext>
                </material>
              </response_label>
              <response_label ident="87015">
                <material>
                  <mattext>leer libros</mattext>
                </material>
              </response_label>
              <response_label ident="27925">
                <material>
                  <mattext>cocinar</mattext>
                </material>
              </response_label>
              <response_label ident="15941">
                <material>
                  <mattext>jugar videojuegos</mattext>
                </material>
              </response_label>
            </render_choice>
          </response_lid>
          <response_lid ident="response_86801">
            <material>
              <mattext texttype="text/html">&lt;div style="margin-right:10px;"&gt;&lt;img src="https://cdn.waysidepublishing.com/textbooks/QTI/ECS1/ECS1_U1_VGQ_VQ3_Activity1_Q2.jpg" alt="A young man sitting next to a window looking at an open book in his hands."&gt;&lt;/div&gt;</mattext>
            </material>
            <render_choice>
              <response_label ident="33944">
                <material>
                  <mattext>escribir poemas</mattext>
                </material>
              </response_label>
              <response_label ident="51245">
                <material>
                  <mattext>comer con los amigos</mattext>
                </material>
              </response_label>
              <response_label ident="87015">
                <material>
                  <mattext>leer libros</mattext>
                </material>
              </response_label>
              <response_label ident="27925">
                <material>
                  <mattext>cocinar</mattext>
                </material>
              </response_label>
              <response_label ident="15941">
                <material>
                  <mattext>jugar videojuegos</mattext>
                </material>
              </response_label>
            </render_choice>
          </response_lid>
          <response_lid ident="response_67497">
            <material>
              <mattext texttype="text/html">&lt;div style="margin-right:10px;"&gt;&lt;img src="https://cdn.waysidepublishing.com/textbooks/QTI/ECS1/ECS1_U1_VGQ_VQ3_Activity1_Q3.jpg" alt="A young woman stirring a pot in a kitchen with fresh vegetables and a cutting board next to her."&gt;&lt;/div&gt;</mattext>
            </material>
            <render_choice>
              <response_label ident="33944">
                <material>
                  <mattext>escribir poemas</mattext>
                </material>
              </response_label>
              <response_label ident="51245">
                <material>
                  <mattext>comer con los amigos</mattext>
                </material>
              </response_label>
              <response_label ident="87015">
                <material>
                  <mattext>leer libros</mattext>
                </material>
              </response_label>
              <response_label ident="27925">
                <material>
                  <mattext>cocinar</mattext>
                </material>
              </response_label>
              <response_label ident="15941">
                <material>
                  <mattext>jugar videojuegos</mattext>
                </material>
              </response_label>
            </render_choice>
          </response_lid>
          <response_lid ident="response_15869">
            <material>
              <mattext texttype="text/html">&lt;div style="margin-right:10px;"&gt;&lt;img src="https://cdn.waysidepublishing.com/textbooks/QTI/ECS1/ECS1_U1_VGQ_VQ3_Activity1_Q4.jpg" alt="A young man sitting on a couch typing on a laptop."&gt;&lt;/div&gt;</mattext>
            </material>
            <render_choice>
              <response_label ident="33944">
                <material>
                  <mattext>escribir poemas</mattext>
                </material>
              </response_label>
              <response_label ident="51245">
                <material>
                  <mattext>comer con los amigos</mattext>
                </material>
              </response_label>
              <response_label ident="87015">
                <material>
                  <mattext>leer libros</mattext>
                </material>
              </response_label>
              <response_label ident="27925">
                <material>
                  <mattext>cocinar</mattext>
                </material>
              </response_label>
              <response_label ident="15941">
                <material>
                  <mattext>jugar videojuegos</mattext>
                </material>
              </response_label>
            </render_choice>
          </response_lid>
          <response_lid ident="response_40290">
            <material>
              <mattext texttype="text/html">&lt;div style="margin-right:10px;"&gt;&lt;img src="https://cdn.waysidepublishing.com/textbooks/QTI/ECS1/ECS1_U1_VGQ_VQ3_Activity1_Q5.jpg" alt="A group of friends sitting around a table of food laughing."&gt;&lt;/div&gt;</mattext>
            </material>
            <render_choice>
              <response_label ident="33944">
                <material>
                  <mattext>escribir poemas</mattext>
                </material>
              </response_label>
              <response_label ident="51245">
                <material>
                  <mattext>comer con los amigos</mattext>
                </material>
              </response_label>
              <response_label ident="87015">
                <material>
                  <mattext>leer libros</mattext>
                </material>
              </response_label>
              <response_label ident="27925">
                <material>
                  <mattext>cocinar</mattext>
                </material>
              </response_label>
              <response_label ident="15941">
                <material>
                  <mattext>jugar videojuegos</mattext>
                </material>
              </response_label>
            </render_choice>
          </response_lid>
        </presentation>
        <resprocessing>
          <outcomes>
            <decvar maxvalue="100" minvalue="0" varname="SCORE" vartype="Decimal"/>
          </outcomes>
          <respcondition>
            <conditionvar>
              <varequal respident="response_56431">15941</varequal>
            </conditionvar>
            <setvar varname="SCORE" action="Add">20.00</setvar>
          </respcondition>
          <respcondition>
            <conditionvar>
              <varequal respident="response_86801">87015</varequal>
            </conditionvar>
            <setvar varname="SCORE" action="Add">20.00</setvar>
          </respcondition>
          <respcondition>
            <conditionvar>
              <varequal respident="response_67497">27925</varequal>
            </conditionvar>
            <setvar varname="SCORE" action="Add">20.00</setvar>
          </respcondition>
          <respcondition>
            <conditionvar>
              <varequal respident="response_15869">33944</varequal>
            </conditionvar>
            <setvar varname="SCORE" action="Add">20.00</setvar>
          </respcondition>
          <respcondition>
            <conditionvar>
              <varequal respident="response_40290">51245</varequal>
            </conditionvar>
            <setvar varname="SCORE" action="Add">20.00</setvar>
          </respcondition>
        </resprocessing>
      </item>
    </section>
  </assessment>
</questestinterop>
