<?xml version="1.0" encoding="UTF-8"?>
<questestinterop xmlns="http://www.imsglobal.org/xsd/ims_qtiasiv1p2" xmlns:xsi="http://www.w3.org/2001/XMLSchema-instance" xsi:schemaLocation="http://www.imsglobal.org/xsd/ims_qtiasiv1p2 http://www.imsglobal.org/xsd/ims_qtiasiv1p2p1.xsd">
  <assessment ident="g9063129f1685e60cae6d67c789b05700" title="Comunicación 3 - Grammar Activity 01">
    <qtimetadata>
      <qtimetadatafield>
        <fieldlabel>cc_maxattempts</fieldlabel>
        <fieldentry>1</fieldentry>
      </qtimetadatafield>
      <qtimetadatafield>
              <fieldlabel>ACTFL_Communication</fieldlabel>
              <fieldentry>Interpretive</fieldentry>
            </qtimetadatafield>
            <qtimetadatafield>
              <fieldlabel>FL_Benchmark_Code1</fieldlabel>
              <fieldentry>WL.K12.NM.1.2</fieldentry>
            </qtimetadatafield>
    </qtimetadata>
    <section ident="root_section">
      <item ident="gd7ba09e92455b0669d46149d6547e411" title="Textentries">
        <itemmetadata>
          <qtimetadata>
            <qtimetadatafield>
              <fieldlabel>question_type</fieldlabel>
              <fieldentry>fill_in_multiple_blanks_question</fieldentry>
            </qtimetadatafield>
            <qtimetadatafield>
              <fieldlabel>points_possible</fieldlabel>
              <fieldentry>5.0</fieldentry>
            </qtimetadatafield>
            <qtimetadatafield>
              <fieldlabel>original_answer_ids</fieldlabel>
              <fieldentry>95943,11484,90087,89076,52310</fieldentry>
            </qtimetadatafield>
            <qtimetadatafield>
              <fieldlabel>assessment_question_identifierref</fieldlabel>
              <fieldentry>g3d2d5800757c49f911b1f0706820f275</fieldentry>
            </qtimetadatafield>
          </qtimetadata>
        </itemmetadata>
        <presentation>
          <material>
            <mattext texttype="text/html">&lt;div&gt;&lt;p&gt;Listen carefully to two friends talking about their likes and dislikes. Then complete the dialog by filling in the missing words. Pay attention, you should write more than one word in each blank.&lt;/p&gt;
&lt;p&gt;&lt;audio id="audioElement" controls="controls"&gt;
                &lt;source src="$IMS-CC-FILEBASE$/assessment_questions/unit1_ac1_q3.mp3?canvas_download=1" type="audio/mpeg"&gt;
                &lt;/audio&gt;&lt;/p&gt;
&lt;div class="transcript"&gt;&lt;a href="$IMS-CC-FILEBASE$/assessment_questions/ECS1_unit1_ac1_q3.txt" target="_blank"&gt;Download transcript (TXT)&lt;/a&gt;&lt;/div&gt;
&lt;div&gt;—¿ [RESPONSE](1) escuchar música?&lt;/div&gt;
&lt;div&gt;—Sí, [RESPONSE1](2) escuchar música y bailar.&lt;/div&gt;
&lt;div&gt;—A mí también.&lt;/div&gt;
&lt;div&gt;—¿ [RESPONSE3](3) jugar videojuegos?&lt;/div&gt;
&lt;div&gt;—No, [RESPONSE4](4) jugar videojuegos, pero&lt;/div&gt;
&lt;p&gt;[RESPONSE5](5) mirar videos.&lt;/p&gt;
&lt;div&gt;—¡Qué bueno!&lt;/div&gt;&lt;/div&gt;</mattext>
          </material>
          <response_lid ident="response_RESPONSE">
            <material>
              <mattext>RESPONSE</mattext>
            </material>
            <render_choice>
              <response_label ident="95943">
                <material>
                  <mattext texttype="text/plain">Te gusta</mattext>
                </material>
              </response_label>
            </render_choice>
          </response_lid>
          <response_lid ident="response_RESPONSE1">
            <material>
              <mattext>RESPONSE1</mattext>
            </material>
            <render_choice>
              <response_label ident="11484">
                <material>
                  <mattext texttype="text/plain">me gusta</mattext>
                </material>
              </response_label>
            </render_choice>
          </response_lid>
          <response_lid ident="response_RESPONSE3">
            <material>
              <mattext>RESPONSE3</mattext>
            </material>
            <render_choice>
              <response_label ident="90087">
                <material>
                  <mattext texttype="text/plain">Te gusta</mattext>
                </material>
              </response_label>
            </render_choice>
          </response_lid>
          <response_lid ident="response_RESPONSE4">
            <material>
              <mattext>RESPONSE4</mattext>
            </material>
            <render_choice>
              <response_label ident="89076">
                <material>
                  <mattext texttype="text/plain">no me gusta</mattext>
                </material>
              </response_label>
            </render_choice>
          </response_lid>
          <response_lid ident="response_RESPONSE5">
            <material>
              <mattext>RESPONSE5</mattext>
            </material>
            <render_choice>
              <response_label ident="52310">
                <material>
                  <mattext texttype="text/plain">me gusta</mattext>
                </material>
              </response_label>
            </render_choice>
          </response_lid>
        </presentation>
        <resprocessing>
          <outcomes>
            <decvar maxvalue="100" minvalue="0" varname="SCORE" vartype="Decimal"/>
          </outcomes>
          <respcondition>
            <conditionvar>
              <varequal respident="response_RESPONSE">95943</varequal>
            </conditionvar>
            <setvar varname="SCORE" action="Add">20.00</setvar>
          </respcondition>
          <respcondition>
            <conditionvar>
              <varequal respident="response_RESPONSE1">11484</varequal>
            </conditionvar>
            <setvar varname="SCORE" action="Add">20.00</setvar>
          </respcondition>
          <respcondition>
            <conditionvar>
              <varequal respident="response_RESPONSE3">90087</varequal>
            </conditionvar>
            <setvar varname="SCORE" action="Add">20.00</setvar>
          </respcondition>
          <respcondition>
            <conditionvar>
              <varequal respident="response_RESPONSE4">89076</varequal>
            </conditionvar>
            <setvar varname="SCORE" action="Add">20.00</setvar>
          </respcondition>
          <respcondition>
            <conditionvar>
              <varequal respident="response_RESPONSE5">52310</varequal>
            </conditionvar>
            <setvar varname="SCORE" action="Add">20.00</setvar>
          </respcondition>
        </resprocessing>
      </item>
    </section>
  </assessment>
</questestinterop>
