<?xml version="1.0" encoding="UTF-8"?>
<questestinterop xmlns="http://www.imsglobal.org/xsd/ims_qtiasiv1p2" xmlns:xsi="http://www.w3.org/2001/XMLSchema-instance" xsi:schemaLocation="http://www.imsglobal.org/xsd/ims_qtiasiv1p2 http://www.imsglobal.org/xsd/ims_qtiasiv1p2p1.xsd">
  <assessment ident="gbb98c5c4067544fd9adeee475eaf7238" title="Unit Assessments - Vocabulary Activity 03">
    <qtimetadata>
      <qtimetadatafield>
        <fieldlabel>cc_maxattempts</fieldlabel>
        <fieldentry>1</fieldentry>
      </qtimetadatafield>
      <qtimetadatafield>
              <fieldlabel>ACTFL_Communication</fieldlabel>
              <fieldentry>Interpretive</fieldentry>
            </qtimetadatafield>
            <qtimetadatafield>
              <fieldlabel>FL_Benchmark_Code1</fieldlabel>
              <fieldentry>WL.K12.NM.1.2</fieldentry>
            </qtimetadatafield>
             <qtimetadatafield>
              <fieldlabel>FL_Benchmark_Code2</fieldlabel>
              <fieldentry>WL.K12.NM.1.3</fieldentry>
            </qtimetadatafield>
    </qtimetadata>
    <section ident="root_section">
      <item ident="gace7b3d51e02a6a0eca9e88f726572bb" title="matching">
        <itemmetadata>
          <qtimetadata>
            <qtimetadatafield>
              <fieldlabel>question_type</fieldlabel>
              <fieldentry>matching_question</fieldentry>
            </qtimetadatafield>
            <qtimetadatafield>
              <fieldlabel>points_possible</fieldlabel>
              <fieldentry>4.0</fieldentry>
            </qtimetadatafield>
            <qtimetadatafield>
              <fieldlabel>original_answer_ids</fieldlabel>
              <fieldentry>8826,5331,8381,2519</fieldentry>
            </qtimetadatafield>
            <qtimetadatafield>
              <fieldlabel>assessment_question_identifierref</fieldlabel>
              <fieldentry>g94eedea415d302e59c1ebc75c3e6c9e9</fieldentry>
            </qtimetadatafield>
          </qtimetadata>
        </itemmetadata>
        <presentation>
          <material>
            <mattext texttype="text/html">&lt;div&gt;&lt;p&gt;Listen carefully to what Sofía says about herself and her friends.&lt;/p&gt;
&lt;p&gt;&lt;audio id="audioElement" controls="controls"&gt;
                &lt;source src="$IMS-CC-FILEBASE$/assessment_questions/unit1_ac3_q1.mp3?canvas_download=1" type="audio/mpeg"&gt;
                &lt;/audio&gt;&lt;/p&gt;
&lt;div class="transcript"&gt;&lt;a href="$IMS-CC-FILEBASE$/assessment_questions/ECS1_unit1_assessment_ac3.txt" target="_blank"&gt;Download transcript (TXT)&lt;/a&gt;&lt;/div&gt;
&lt;p&gt;Match the names in the first column with the word that Sofía uses to describe each person (second column).&lt;/p&gt;&lt;/div&gt;</mattext>
          </material>
          <response_lid ident="response_8826">
            <material>
              <mattext texttype="text/plain">Hugo</mattext>
            </material>
            <render_choice>
              <response_label ident="7103">
                <material>
                  <mattext>artista</mattext>
                </material>
              </response_label>
              <response_label ident="8342">
                <material>
                  <mattext>voluntaria</mattext>
                </material>
              </response_label>
              <response_label ident="8829">
                <material>
                  <mattext>estudiante</mattext>
                </material>
              </response_label>
              <response_label ident="196">
                <material>
                  <mattext>bilingüe</mattext>
                </material>
              </response_label>
            </render_choice>
          </response_lid>
          <response_lid ident="response_5331">
            <material>
              <mattext texttype="text/plain">Sofía</mattext>
            </material>
            <render_choice>
              <response_label ident="7103">
                <material>
                  <mattext>artista</mattext>
                </material>
              </response_label>
              <response_label ident="8342">
                <material>
                  <mattext>voluntaria</mattext>
                </material>
              </response_label>
              <response_label ident="8829">
                <material>
                  <mattext>estudiante</mattext>
                </material>
              </response_label>
              <response_label ident="196">
                <material>
                  <mattext>bilingüe</mattext>
                </material>
              </response_label>
            </render_choice>
          </response_lid>
          <response_lid ident="response_8381">
            <material>
              <mattext texttype="text/plain">Laura</mattext>
            </material>
            <render_choice>
              <response_label ident="7103">
                <material>
                  <mattext>artista</mattext>
                </material>
              </response_label>
              <response_label ident="8342">
                <material>
                  <mattext>voluntaria</mattext>
                </material>
              </response_label>
              <response_label ident="8829">
                <material>
                  <mattext>estudiante</mattext>
                </material>
              </response_label>
              <response_label ident="196">
                <material>
                  <mattext>bilingüe</mattext>
                </material>
              </response_label>
            </render_choice>
          </response_lid>
          <response_lid ident="response_2519">
            <material>
              <mattext texttype="text/plain">David</mattext>
            </material>
            <render_choice>
              <response_label ident="7103">
                <material>
                  <mattext>artista</mattext>
                </material>
              </response_label>
              <response_label ident="8342">
                <material>
                  <mattext>voluntaria</mattext>
                </material>
              </response_label>
              <response_label ident="8829">
                <material>
                  <mattext>estudiante</mattext>
                </material>
              </response_label>
              <response_label ident="196">
                <material>
                  <mattext>bilingüe</mattext>
                </material>
              </response_label>
            </render_choice>
          </response_lid>
        </presentation>
        <resprocessing>
          <outcomes>
            <decvar maxvalue="100" minvalue="0" varname="SCORE" vartype="Decimal"/>
          </outcomes>
          <respcondition>
            <conditionvar>
              <varequal respident="response_8826">7103</varequal>
            </conditionvar>
            <setvar varname="SCORE" action="Add">25.00</setvar>
          </respcondition>
          <respcondition>
            <conditionvar>
              <varequal respident="response_5331">8342</varequal>
            </conditionvar>
            <setvar varname="SCORE" action="Add">25.00</setvar>
          </respcondition>
          <respcondition>
            <conditionvar>
              <varequal respident="response_8381">8829</varequal>
            </conditionvar>
            <setvar varname="SCORE" action="Add">25.00</setvar>
          </respcondition>
          <respcondition>
            <conditionvar>
              <varequal respident="response_2519">196</varequal>
            </conditionvar>
            <setvar varname="SCORE" action="Add">25.00</setvar>
          </respcondition>
        </resprocessing>
      </item>
    </section>
  </assessment>
</questestinterop>
