<?xml version="1.0" encoding="UTF-8"?>
<questestinterop xmlns="http://www.imsglobal.org/xsd/ims_qtiasiv1p2" xmlns:xsi="http://www.w3.org/2001/XMLSchema-instance" xsi:schemaLocation="http://www.imsglobal.org/xsd/ims_qtiasiv1p2 http://www.imsglobal.org/xsd/ims_qtiasiv1p2p1.xsd">
  <assessment ident="g46ec1d1810164da7aa09703dcb9ce8c5" title="Unit Assessments - Vocabulary Activity 04">
    <qtimetadata>
      <qtimetadatafield>
        <fieldlabel>cc_maxattempts</fieldlabel>
        <fieldentry>1</fieldentry>
      </qtimetadatafield>
      <qtimetadatafield>
              <fieldlabel>ACTFL_Communication</fieldlabel>
              <fieldentry>Interpretive</fieldentry>
            </qtimetadatafield>
            <qtimetadatafield>
              <fieldlabel>FL_Benchmark_Code1</fieldlabel>
              <fieldentry>WL.K12.NM.1.2</fieldentry>
            </qtimetadatafield>
             <qtimetadatafield>
              <fieldlabel>FL_Benchmark_Code2</fieldlabel>
              <fieldentry>WL.K12.NM.1.3</fieldentry>
            </qtimetadatafield>
    </qtimetadata>
    <section ident="root_section">
      <item ident="g5f536ec6667412697206a0ae7cd5275a" title="Textentries">
        <itemmetadata>
          <qtimetadata>
            <qtimetadatafield>
              <fieldlabel>question_type</fieldlabel>
              <fieldentry>fill_in_multiple_blanks_question</fieldentry>
            </qtimetadatafield>
            <qtimetadatafield>
              <fieldlabel>points_possible</fieldlabel>
              <fieldentry>4.0</fieldentry>
            </qtimetadatafield>
            <qtimetadatafield>
              <fieldlabel>original_answer_ids</fieldlabel>
              <fieldentry>18974,19269,78993,52311</fieldentry>
            </qtimetadatafield>
            <qtimetadatafield>
              <fieldlabel>assessment_question_identifierref</fieldlabel>
              <fieldentry>gc6b6616b65b787eba3f701dd480dfebb</fieldentry>
            </qtimetadatafield>
          </qtimetadata>
        </itemmetadata>
        <presentation>
          <material>
            <mattext texttype="text/html">&lt;div&gt;&lt;p&gt;Now listen to Sofía’s audio again and complete the following sentences about each friend's favorite activities using the words you hear.&lt;/p&gt;
&lt;p&gt;&lt;audio id="audioElement" controls="controls"&gt;
                &lt;source src="$IMS-CC-FILEBASE$/assessment_questions/unit1_ac4_q1.mp3?canvas_download=1" type="audio/mpeg"&gt;
                &lt;/audio&gt;&lt;/p&gt;
&lt;div class="transcript"&gt;&lt;a href="$IMS-CC-FILEBASE$/assessment_questions/ECS1_unit1_assessment_ac4.txt" target="_blank"&gt;Download transcript (TXT)&lt;/a&gt;&lt;/div&gt;
&lt;p&gt;1. Hugo: pintar y [RESPONSE] música&lt;/p&gt;
&lt;div&gt;2.Sofía: [RESPONSE1] para la comunidad&lt;/div&gt;
&lt;div&gt;3. Laura: [RESPONSE2] libros&lt;/div&gt;
&lt;div&gt;4. David: [RESPONSE3] en inglés y en español&lt;/div&gt;
&lt;p&gt;&amp;nbsp;&lt;/p&gt;&lt;/div&gt;</mattext>
          </material>
          <response_lid ident="response_RESPONSE">
            <material>
              <mattext>RESPONSE</mattext>
            </material>
            <render_choice>
              <response_label ident="18974">
                <material>
                  <mattext texttype="text/plain">escuchar</mattext>
                </material>
              </response_label>
            </render_choice>
          </response_lid>
          <response_lid ident="response_RESPONSE1">
            <material>
              <mattext>RESPONSE1</mattext>
            </material>
            <render_choice>
              <response_label ident="19269">
                <material>
                  <mattext texttype="text/plain">cocinar</mattext>
                </material>
              </response_label>
            </render_choice>
          </response_lid>
          <response_lid ident="response_RESPONSE2">
            <material>
              <mattext>RESPONSE2</mattext>
            </material>
            <render_choice>
              <response_label ident="78993">
                <material>
                  <mattext texttype="text/plain">leer</mattext>
                </material>
              </response_label>
            </render_choice>
          </response_lid>
          <response_lid ident="response_RESPONSE3">
            <material>
              <mattext>RESPONSE3</mattext>
            </material>
            <render_choice>
              <response_label ident="52311">
                <material>
                  <mattext texttype="text/plain">hablar</mattext>
                </material>
              </response_label>
            </render_choice>
          </response_lid>
        </presentation>
        <resprocessing>
          <outcomes>
            <decvar maxvalue="100" minvalue="0" varname="SCORE" vartype="Decimal"/>
          </outcomes>
          <respcondition>
            <conditionvar>
              <varequal respident="response_RESPONSE">18974</varequal>
            </conditionvar>
            <setvar varname="SCORE" action="Add">25.00</setvar>
          </respcondition>
          <respcondition>
            <conditionvar>
              <varequal respident="response_RESPONSE1">19269</varequal>
            </conditionvar>
            <setvar varname="SCORE" action="Add">25.00</setvar>
          </respcondition>
          <respcondition>
            <conditionvar>
              <varequal respident="response_RESPONSE2">78993</varequal>
            </conditionvar>
            <setvar varname="SCORE" action="Add">25.00</setvar>
          </respcondition>
          <respcondition>
            <conditionvar>
              <varequal respident="response_RESPONSE3">52311</varequal>
            </conditionvar>
            <setvar varname="SCORE" action="Add">25.00</setvar>
          </respcondition>
        </resprocessing>
      </item>
    </section>
  </assessment>
</questestinterop>
