<?xml version="1.0" encoding="UTF-8"?>
<questestinterop xmlns="http://www.imsglobal.org/xsd/ims_qtiasiv1p2" xmlns:xsi="http://www.w3.org/2001/XMLSchema-instance" xsi:schemaLocation="http://www.imsglobal.org/xsd/ims_qtiasiv1p2 http://www.imsglobal.org/xsd/ims_qtiasiv1p2p1.xsd">
  <assessment ident="g1209055ac2e4bf921d371236bc889652" title="Comunicación 2 - Vocabulary Activity 01">
    <qtimetadata>
      <qtimetadatafield>
        <fieldlabel>cc_maxattempts</fieldlabel>
        <fieldentry>1</fieldentry>
      </qtimetadatafield>
      <qtimetadatafield>
              <fieldlabel>ACTFL_Communication</fieldlabel>
              <fieldentry>Interpretive</fieldentry>
            </qtimetadatafield>
            <qtimetadatafield>
              <fieldlabel>FL_Benchmark_Code1</fieldlabel>
              <fieldentry>WL.K12.NM.2.1</fieldentry>
            </qtimetadatafield>
             <qtimetadatafield>
              <fieldlabel>FL_Benchmark_Code2</fieldlabel>
              <fieldentry>WL.K12.NM.2.4</fieldentry>
            </qtimetadatafield>
    </qtimetadata>
    <section ident="root_section">
      <item ident="g526a2d12b1a55bc38323643a4012e051" title="simple-choice">
        <itemmetadata>
          <qtimetadata>
            <qtimetadatafield>
              <fieldlabel>question_type</fieldlabel>
              <fieldentry>multiple_choice_question</fieldentry>
            </qtimetadatafield>
            <qtimetadatafield>
              <fieldlabel>points_possible</fieldlabel>
              <fieldentry>1</fieldentry>
            </qtimetadatafield>
            <qtimetadatafield>
              <fieldlabel>original_answer_ids</fieldlabel>
              <fieldentry>8050,97732,25808</fieldentry>
            </qtimetadatafield>
            <qtimetadatafield>
              <fieldlabel>assessment_question_identifierref</fieldlabel>
              <fieldentry>g28307525df11282cfe72c2aca7b829ed</fieldentry>
            </qtimetadatafield>
          </qtimetadata>
        </itemmetadata>
        <presentation>
          <material>
            <mattext texttype="text/html">&lt;div&gt;&lt;p&gt;Look at the picture and choose the option that best describes each person.&lt;/p&gt;
        &lt;p&gt;Gabriela es…&lt;/p&gt;
            &lt;p&gt;
            &lt;img src="https://cdn.waysidepublishing.com/textbooks/QTI/ECS1/ECS1_U1_VGQ_VQ2_Activity1_Q1.jpg" alt="A smiling young woman sitting at a desk in a classroom."&gt;
            &lt;/p&gt;&lt;/div&gt;</mattext>
          </material>
          <response_lid ident="response1" rcardinality="Single">
            <render_choice>
              <response_label ident="8050">
                <material>
                  <mattext texttype="text/plain">atleta.</mattext>
                </material>
              </response_label>
              <response_label ident="97732">
                <material>
                  <mattext texttype="text/plain">jugadora.</mattext>
                </material>
              </response_label>
              <response_label ident="25808">
                <material>
                  <mattext texttype="text/plain">estudiante.</mattext>
                </material>
              </response_label>
            </render_choice>
          </response_lid>
        </presentation>
        <resprocessing>
          <outcomes>
            <decvar maxvalue="100" minvalue="0" varname="SCORE" vartype="Decimal"/>
          </outcomes>
          <respcondition continue="No">
            <conditionvar>
              <varequal respident="response1">25808</varequal>
            </conditionvar>
            <setvar action="Set" varname="SCORE">100</setvar>
          </respcondition>
        </resprocessing>
      </item>
      <item ident="gdab4fed5a89e2e32887015e74f078b9c" title="simple-choice">
        <itemmetadata>
          <qtimetadata>
            <qtimetadatafield>
              <fieldlabel>question_type</fieldlabel>
              <fieldentry>multiple_choice_question</fieldentry>
            </qtimetadatafield>
            <qtimetadatafield>
              <fieldlabel>points_possible</fieldlabel>
              <fieldentry>1</fieldentry>
            </qtimetadatafield>
            <qtimetadatafield>
              <fieldlabel>original_answer_ids</fieldlabel>
              <fieldentry>71721,18568,37137</fieldentry>
            </qtimetadatafield>
            <qtimetadatafield>
              <fieldlabel>assessment_question_identifierref</fieldlabel>
              <fieldentry>g4705a62ce9e07750e44dad9c04ae57ae</fieldentry>
            </qtimetadatafield>
          </qtimetadata>
        </itemmetadata>
        <presentation>
          <material>
            <mattext texttype="text/html">&lt;div&gt;&lt;p&gt;Luis es…&lt;/p&gt;
            &lt;p&gt;
            &lt;img src="https://cdn.waysidepublishing.com/textbooks/QTI/ECS1/ECS1_U1_VGQ_VQ2_Activity1_Q2.jpg" alt="A young man wearing headphones is sitting in front of a microphone playing guitar."&gt;
            &lt;/p&gt;&lt;/div&gt;</mattext>
          </material>
          <response_lid ident="response1" rcardinality="Single">
            <render_choice>
              <response_label ident="71721">
                <material>
                  <mattext texttype="text/plain">músico.</mattext>
                </material>
              </response_label>
              <response_label ident="18568">
                <material>
                  <mattext texttype="text/plain">pintor.</mattext>
                </material>
              </response_label>
              <response_label ident="37137">
                <material>
                  <mattext texttype="text/plain">bailarín.</mattext>
                </material>
              </response_label>
            </render_choice>
          </response_lid>
        </presentation>
        <resprocessing>
          <outcomes>
            <decvar maxvalue="100" minvalue="0" varname="SCORE" vartype="Decimal"/>
          </outcomes>
          <respcondition continue="No">
            <conditionvar>
              <varequal respident="response1">71721</varequal>
            </conditionvar>
            <setvar action="Set" varname="SCORE">100</setvar>
          </respcondition>
        </resprocessing>
      </item>
      <item ident="g5e687580a7a94d73f6463865c53a1d64" title="simple-choice">
        <itemmetadata>
          <qtimetadata>
            <qtimetadatafield>
              <fieldlabel>question_type</fieldlabel>
              <fieldentry>multiple_choice_question</fieldentry>
            </qtimetadatafield>
            <qtimetadatafield>
              <fieldlabel>points_possible</fieldlabel>
              <fieldentry>1</fieldentry>
            </qtimetadatafield>
            <qtimetadatafield>
              <fieldlabel>original_answer_ids</fieldlabel>
              <fieldentry>52218,64860,85551</fieldentry>
            </qtimetadatafield>
            <qtimetadatafield>
              <fieldlabel>assessment_question_identifierref</fieldlabel>
              <fieldentry>g0c9389a3e57830d0387385e00bfa8174</fieldentry>
            </qtimetadatafield>
          </qtimetadata>
        </itemmetadata>
        <presentation>
          <material>
            <mattext texttype="text/html">&lt;div&gt;&lt;p&gt;Abigail es…&lt;/p&gt;
            &lt;p&gt;
            &lt;img src="https://cdn.waysidepublishing.com/textbooks/QTI/ECS1/ECS1_U1_VGQ_VQ2_Activity1_Q3.jpg" alt="A young woman looking forward while crouched at the starting line of a racetrack."&gt;
            &lt;/p&gt;&lt;/div&gt;</mattext>
          </material>
          <response_lid ident="response1" rcardinality="Single">
            <render_choice>
              <response_label ident="52218">
                <material>
                  <mattext texttype="text/plain">artista.</mattext>
                </material>
              </response_label>
              <response_label ident="64860">
                <material>
                  <mattext texttype="text/plain">jugadora.</mattext>
                </material>
              </response_label>
              <response_label ident="85551">
                <material>
                  <mattext texttype="text/plain">atleta.</mattext>
                </material>
              </response_label>
            </render_choice>
          </response_lid>
        </presentation>
        <resprocessing>
          <outcomes>
            <decvar maxvalue="100" minvalue="0" varname="SCORE" vartype="Decimal"/>
          </outcomes>
          <respcondition continue="No">
            <conditionvar>
              <varequal respident="response1">85551</varequal>
            </conditionvar>
            <setvar action="Set" varname="SCORE">100</setvar>
          </respcondition>
        </resprocessing>
      </item>
      <item ident="g7c0e6e41480959076d059b20273bd6b7" title="simple-choice">
        <itemmetadata>
          <qtimetadata>
            <qtimetadatafield>
              <fieldlabel>question_type</fieldlabel>
              <fieldentry>multiple_choice_question</fieldentry>
            </qtimetadatafield>
            <qtimetadatafield>
              <fieldlabel>points_possible</fieldlabel>
              <fieldentry>1</fieldentry>
            </qtimetadatafield>
            <qtimetadatafield>
              <fieldlabel>original_answer_ids</fieldlabel>
              <fieldentry>51670,94288,45115</fieldentry>
            </qtimetadatafield>
            <qtimetadatafield>
              <fieldlabel>assessment_question_identifierref</fieldlabel>
              <fieldentry>g210a0aedf756734322829690bec36c47</fieldentry>
            </qtimetadatafield>
          </qtimetadata>
        </itemmetadata>
        <presentation>
          <material>
            <mattext texttype="text/html">&lt;div&gt;&lt;p&gt;Marcos es…&lt;/p&gt;
            &lt;p&gt;
            &lt;img src="https://cdn.waysidepublishing.com/textbooks/QTI/ECS1/ECS1_U1_VGQ_VQ2_Activity1_Q4.jpg" alt="A young man in a black leotard gracefully leaping through the air. His legs and arms are completely extended."&gt;
            &lt;/p&gt;&lt;/div&gt;</mattext>
          </material>
          <response_lid ident="response1" rcardinality="Single">
            <render_choice>
              <response_label ident="51670">
                <material>
                  <mattext texttype="text/plain">jugador.</mattext>
                </material>
              </response_label>
              <response_label ident="94288">
                <material>
                  <mattext texttype="text/plain">bailarín.</mattext>
                </material>
              </response_label>
              <response_label ident="45115">
                <material>
                  <mattext texttype="text/plain">poeta.</mattext>
                </material>
              </response_label>
            </render_choice>
          </response_lid>
        </presentation>
        <resprocessing>
          <outcomes>
            <decvar maxvalue="100" minvalue="0" varname="SCORE" vartype="Decimal"/>
          </outcomes>
          <respcondition continue="No">
            <conditionvar>
              <varequal respident="response1">94288</varequal>
            </conditionvar>
            <setvar action="Set" varname="SCORE">100</setvar>
          </respcondition>
        </resprocessing>
      </item>
      <item ident="g0d370b379e972355c53dc5093f3b5dac" title="simple-choice">
        <itemmetadata>
          <qtimetadata>
            <qtimetadatafield>
              <fieldlabel>question_type</fieldlabel>
              <fieldentry>multiple_choice_question</fieldentry>
            </qtimetadatafield>
            <qtimetadatafield>
              <fieldlabel>points_possible</fieldlabel>
              <fieldentry>1</fieldentry>
            </qtimetadatafield>
            <qtimetadatafield>
              <fieldlabel>original_answer_ids</fieldlabel>
              <fieldentry>28658,64288,23016</fieldentry>
            </qtimetadatafield>
            <qtimetadatafield>
              <fieldlabel>assessment_question_identifierref</fieldlabel>
              <fieldentry>g7e688719aa0d08bd15e62e1738c6c892</fieldentry>
            </qtimetadatafield>
          </qtimetadata>
        </itemmetadata>
        <presentation>
          <material>
            <mattext texttype="text/html">&lt;div&gt;&lt;p&gt;Isabel es…&lt;/p&gt;
            &lt;p&gt;
            &lt;img src="https://cdn.waysidepublishing.com/textbooks/QTI/ECS1/ECS1_U1_VGQ_VQ2_Activity1_Q5.jpg" alt="A young woman standing in front of a painted canvas with a paint palette in one hand and a paintbrush in the other."&gt;
            &lt;/p&gt;&lt;/div&gt;</mattext>
          </material>
          <response_lid ident="response1" rcardinality="Single">
            <render_choice>
              <response_label ident="28658">
                <material>
                  <mattext texttype="text/plain">pintora.</mattext>
                </material>
              </response_label>
              <response_label ident="64288">
                <material>
                  <mattext texttype="text/plain">música.</mattext>
                </material>
              </response_label>
              <response_label ident="23016">
                <material>
                  <mattext texttype="text/plain">ciclista.</mattext>
                </material>
              </response_label>
            </render_choice>
          </response_lid>
        </presentation>
        <resprocessing>
          <outcomes>
            <decvar maxvalue="100" minvalue="0" varname="SCORE" vartype="Decimal"/>
          </outcomes>
          <respcondition continue="No">
            <conditionvar>
              <varequal respident="response1">28658</varequal>
            </conditionvar>
            <setvar action="Set" varname="SCORE">100</setvar>
          </respcondition>
        </resprocessing>
      </item>
    </section>
  </assessment>
</questestinterop>
