<?xml version="1.0" encoding="UTF-8"?>
<questestinterop xmlns="http://www.imsglobal.org/xsd/ims_qtiasiv1p2" xmlns:xsi="http://www.w3.org/2001/XMLSchema-instance" xsi:schemaLocation="http://www.imsglobal.org/xsd/ims_qtiasiv1p2 http://www.imsglobal.org/xsd/ims_qtiasiv1p2p1.xsd">
  <assessment ident="gf05fd619a5024f29a6a3e789ae15b160" title="Comunicación 2 - Vocabulary Activity 02">
    <qtimetadata>
      <qtimetadatafield>
        <fieldlabel>cc_maxattempts</fieldlabel>
        <fieldentry>1</fieldentry>
      </qtimetadatafield>
      <qtimetadatafield>
              <fieldlabel>ACTFL_Communication</fieldlabel>
              <fieldentry>Interpretive</fieldentry>
            </qtimetadatafield>
            <qtimetadatafield>
              <fieldlabel>FL_Benchmark_Code1</fieldlabel>
              <fieldentry>WL.K12.NM.1.2</fieldentry>
            </qtimetadatafield>
             <qtimetadatafield>
              <fieldlabel>FL_Benchmark_Code2</fieldlabel>
              <fieldentry>WL.K12.NM.1.3</fieldentry>
            </qtimetadatafield>
    </qtimetadata>
    <section ident="root_section">
      <item ident="g8a9765b8dee6f6070c109bf219838b22" title="Textentries">
        <itemmetadata>
          <qtimetadata>
            <qtimetadatafield>
              <fieldlabel>question_type</fieldlabel>
              <fieldentry>fill_in_multiple_blanks_question</fieldentry>
            </qtimetadatafield>
            <qtimetadatafield>
              <fieldlabel>points_possible</fieldlabel>
              <fieldentry>4.0</fieldentry>
            </qtimetadatafield>
            <qtimetadatafield>
              <fieldlabel>original_answer_ids</fieldlabel>
              <fieldentry>93706,9256,1870,31742,83437,33151,22886,931</fieldentry>
            </qtimetadatafield>
            <qtimetadatafield>
              <fieldlabel>assessment_question_identifierref</fieldlabel>
              <fieldentry>gff9b666c3aa5062d9751170f949750e8</fieldentry>
            </qtimetadatafield>
          </qtimetadata>
        </itemmetadata>
        <presentation>
          <material>
            <mattext texttype="text/html">&lt;div&gt;&lt;p&gt;&lt;audio id="audioElement" controls="controls"&gt;
                &lt;source src="$IMS-CC-FILEBASE$/assessment_questions/unit1_ac2_q1.mp3?canvas_download=1" type="audio/mpeg"&gt;
                &lt;/audio&gt;&lt;/p&gt;
&lt;div class="transcript"&gt;&lt;a href="$IMS-CC-FILEBASE$/assessment_questions/ECS1_unit1_ac2_q1.txt" target="_blank"&gt;Download transcript (TXT)&lt;/a&gt;&lt;/div&gt;
&lt;p&gt;Listen carefully to each audio file and then complete each sentence by writing the appropriate word from the word bank to describe the character. Pay attention! There are two words that you will not use.&lt;/p&gt;
&lt;p&gt;&amp;nbsp;&lt;/p&gt;
&lt;p style="border: 1px solid black; display: ruby-text;"&gt;ciclista voluntaria vegetariano músico bilingüe poeta&lt;/p&gt;
&lt;div&gt;Valeria es [RESPONSE].&lt;/div&gt;
&lt;div&gt;Valeria es [RESPONSE1].&lt;/div&gt;
&lt;div&gt;Pedro es [RESPONSE3].&lt;/div&gt;
&lt;div&gt;Pedro es [RESPONSE4].&lt;/div&gt;&lt;/div&gt;</mattext>
          </material>
          <response_lid ident="response_RESPONSE">
            <material>
              <mattext>RESPONSE</mattext>
            </material>
            <render_choice>
              <response_label ident="93706">
                <material>
                  <mattext texttype="text/plain">ciclista</mattext>
                </material>
              </response_label>
              <response_label ident="9256">
                <material>
                  <mattext texttype="text/plain">bilingüe</mattext>
                </material>
              </response_label>
            </render_choice>
          </response_lid>
          <response_lid ident="response_RESPONSE1">
            <material>
              <mattext>RESPONSE1</mattext>
            </material>
            <render_choice>
              <response_label ident="1870">
                <material>
                  <mattext texttype="text/plain">bilingüe</mattext>
                </material>
              </response_label>
              <response_label ident="31742">
                <material>
                  <mattext texttype="text/plain">ciclista</mattext>
                </material>
              </response_label>
            </render_choice>
          </response_lid>
          <response_lid ident="response_RESPONSE3">
            <material>
              <mattext>RESPONSE3</mattext>
            </material>
            <render_choice>
              <response_label ident="83437">
                <material>
                  <mattext texttype="text/plain">vegetariano</mattext>
                </material>
              </response_label>
              <response_label ident="33151">
                <material>
                  <mattext texttype="text/plain">poeta</mattext>
                </material>
              </response_label>
            </render_choice>
          </response_lid>
          <response_lid ident="response_RESPONSE4">
            <material>
              <mattext>RESPONSE4</mattext>
            </material>
            <render_choice>
              <response_label ident="22886">
                <material>
                  <mattext texttype="text/plain">poeta</mattext>
                </material>
              </response_label>
              <response_label ident="931">
                <material>
                  <mattext texttype="text/plain">vegetariano</mattext>
                </material>
              </response_label>
            </render_choice>
          </response_lid>
        </presentation>
        <resprocessing>
          <outcomes>
            <decvar maxvalue="100" minvalue="0" varname="SCORE" vartype="Decimal"/>
          </outcomes>
          <respcondition>
            <conditionvar>
              <varequal respident="response_RESPONSE">93706</varequal>
            </conditionvar>
            <setvar varname="SCORE" action="Add">25.00</setvar>
          </respcondition>
          <respcondition>
            <conditionvar>
              <varequal respident="response_RESPONSE1">1870</varequal>
            </conditionvar>
            <setvar varname="SCORE" action="Add">25.00</setvar>
          </respcondition>
          <respcondition>
            <conditionvar>
              <varequal respident="response_RESPONSE3">83437</varequal>
            </conditionvar>
            <setvar varname="SCORE" action="Add">25.00</setvar>
          </respcondition>
          <respcondition>
            <conditionvar>
              <varequal respident="response_RESPONSE4">22886</varequal>
            </conditionvar>
            <setvar varname="SCORE" action="Add">25.00</setvar>
          </respcondition>
        </resprocessing>
      </item>
    </section>
  </assessment>
</questestinterop>
