<?xml version="1.0" encoding="UTF-8"?>
<questestinterop xmlns="http://www.imsglobal.org/xsd/ims_qtiasiv1p2" xmlns:xsi="http://www.w3.org/2001/XMLSchema-instance" xsi:schemaLocation="http://www.imsglobal.org/xsd/ims_qtiasiv1p2 http://www.imsglobal.org/xsd/ims_qtiasiv1p2p1.xsd">
  <assessment ident="g71fc26ae640a71939d83c198db02f985" title="Unit Assessments - Vocabulary Activity 02">
    <qtimetadata>
      <qtimetadatafield>
        <fieldlabel>cc_maxattempts</fieldlabel>
        <fieldentry>1</fieldentry>
      </qtimetadatafield>
      <qtimetadatafield>
              <fieldlabel>ACTFL_Communication</fieldlabel>
              <fieldentry>Interpretive</fieldentry>
            </qtimetadatafield>
            <qtimetadatafield>
              <fieldlabel>FL_Benchmark_Code1</fieldlabel>
              <fieldentry>WL.K12.NM.2.4</fieldentry>
            </qtimetadatafield>
    </qtimetadata>
    <section ident="root_section">
      <item ident="gc4974177094d2b42a1ec681eec14cf5c" title="Textentries">
        <itemmetadata>
          <qtimetadata>
            <qtimetadatafield>
              <fieldlabel>question_type</fieldlabel>
              <fieldentry>fill_in_multiple_blanks_question</fieldentry>
            </qtimetadatafield>
            <qtimetadatafield>
              <fieldlabel>points_possible</fieldlabel>
              <fieldentry>6.0</fieldentry>
            </qtimetadatafield>
            <qtimetadatafield>
              <fieldlabel>original_answer_ids</fieldlabel>
              <fieldentry>49672,17095,79749,10509,93008,56579</fieldentry>
            </qtimetadatafield>
            <qtimetadatafield>
              <fieldlabel>assessment_question_identifierref</fieldlabel>
              <fieldentry>gcae0174fc030d23276d2cd5db2e7451b</fieldentry>
            </qtimetadatafield>
          </qtimetadata>
        </itemmetadata>
        <presentation>
          <material>
            <mattext texttype="text/html">&lt;div&gt;&lt;p&gt;Read about each person's favorite activity. Then, based on his/her favorite activity, use the word bank to complete a sentence describing each person.&lt;/p&gt;
&lt;p style="border: 1px solid black; display: ruby-text;"&gt;jugador ciclista poetisa bailarina vegetariana músico&lt;/p&gt;
&lt;p&gt;1. La actividad favorita de Paula es bailar. Paula es [RESPONSE].&lt;/p&gt;
&lt;div&gt;2. La actividad favorita de Sandra es escribir poemas. Sandra es[RESPONSE1].&lt;/div&gt;
&lt;div&gt;3. La actividad favorita de Sam es montar en bicicleta. Sam es [RESPONSE2].&lt;/div&gt;
&lt;div&gt;4. La actividad favorita de Tony es jugar videojuegos. Tony es [RESPONSE3].&lt;/div&gt;
&lt;div&gt;5 La actividad favorita de Elsa es cocinar, pero ella solo cocina vegetales. Elsa es [RESPONSE4].&lt;/div&gt;
&lt;div&gt;6. La actividad favorita de Luis es tocar el piano. Luis es [RESPONSE5].&lt;/div&gt;
&lt;p&gt;&amp;nbsp;&lt;/p&gt;&lt;/div&gt;</mattext>
          </material>
          <response_lid ident="response_RESPONSE">
            <material>
              <mattext>RESPONSE</mattext>
            </material>
            <render_choice>
              <response_label ident="49672">
                <material>
                  <mattext texttype="text/plain">bailarina</mattext>
                </material>
              </response_label>
            </render_choice>
          </response_lid>
          <response_lid ident="response_RESPONSE1">
            <material>
              <mattext>RESPONSE1</mattext>
            </material>
            <render_choice>
              <response_label ident="17095">
                <material>
                  <mattext texttype="text/plain">poetisa</mattext>
                </material>
              </response_label>
            </render_choice>
          </response_lid>
          <response_lid ident="response_RESPONSE2">
            <material>
              <mattext>RESPONSE2</mattext>
            </material>
            <render_choice>
              <response_label ident="79749">
                <material>
                  <mattext texttype="text/plain">ciclista</mattext>
                </material>
              </response_label>
            </render_choice>
          </response_lid>
          <response_lid ident="response_RESPONSE3">
            <material>
              <mattext>RESPONSE3</mattext>
            </material>
            <render_choice>
              <response_label ident="10509">
                <material>
                  <mattext texttype="text/plain">jugador</mattext>
                </material>
              </response_label>
            </render_choice>
          </response_lid>
          <response_lid ident="response_RESPONSE4">
            <material>
              <mattext>RESPONSE4</mattext>
            </material>
            <render_choice>
              <response_label ident="93008">
                <material>
                  <mattext texttype="text/plain">vegetariana</mattext>
                </material>
              </response_label>
            </render_choice>
          </response_lid>
          <response_lid ident="response_RESPONSE5">
            <material>
              <mattext>RESPONSE5</mattext>
            </material>
            <render_choice>
              <response_label ident="56579">
                <material>
                  <mattext texttype="text/plain">músico</mattext>
                </material>
              </response_label>
            </render_choice>
          </response_lid>
        </presentation>
        <resprocessing>
          <outcomes>
            <decvar maxvalue="100" minvalue="0" varname="SCORE" vartype="Decimal"/>
          </outcomes>
          <respcondition>
            <conditionvar>
              <varequal respident="response_RESPONSE">49672</varequal>
            </conditionvar>
            <setvar varname="SCORE" action="Add">16.67</setvar>
          </respcondition>
          <respcondition>
            <conditionvar>
              <varequal respident="response_RESPONSE1">17095</varequal>
            </conditionvar>
            <setvar varname="SCORE" action="Add">16.67</setvar>
          </respcondition>
          <respcondition>
            <conditionvar>
              <varequal respident="response_RESPONSE2">79749</varequal>
            </conditionvar>
            <setvar varname="SCORE" action="Add">16.67</setvar>
          </respcondition>
          <respcondition>
            <conditionvar>
              <varequal respident="response_RESPONSE3">10509</varequal>
            </conditionvar>
            <setvar varname="SCORE" action="Add">16.67</setvar>
          </respcondition>
          <respcondition>
            <conditionvar>
              <varequal respident="response_RESPONSE4">93008</varequal>
            </conditionvar>
            <setvar varname="SCORE" action="Add">16.67</setvar>
          </respcondition>
          <respcondition>
            <conditionvar>
              <varequal respident="response_RESPONSE5">56579</varequal>
            </conditionvar>
            <setvar varname="SCORE" action="Add">16.67</setvar>
          </respcondition>
        </resprocessing>
      </item>
    </section>
  </assessment>
</questestinterop>
