<?xml version="1.0" encoding="UTF-8"?>
<questestinterop xmlns="http://www.imsglobal.org/xsd/ims_qtiasiv1p2" xmlns:xsi="http://www.w3.org/2001/XMLSchema-instance" xsi:schemaLocation="http://www.imsglobal.org/xsd/ims_qtiasiv1p2 http://www.imsglobal.org/xsd/ims_qtiasiv1p2p1.xsd">
  <assessment ident="g2a612ab0d4f205c8f9103ed0fa1f531b" title="Comunicación 1 - Vocabulary Activity 02">
    <qtimetadata>
      <qtimetadatafield>
        <fieldlabel>cc_maxattempts</fieldlabel>
        <fieldentry>1</fieldentry>
      </qtimetadatafield>
      <qtimetadatafield>
              <fieldlabel>ACTFL_Communication</fieldlabel>
              <fieldentry>Interpretive</fieldentry>
            </qtimetadatafield>
            <qtimetadatafield>
              <fieldlabel>FL_Benchmark_Code1</fieldlabel>
              <fieldentry>WL.K12.NM.2.3</fieldentry>
            </qtimetadatafield>
             <qtimetadatafield>
              <fieldlabel>FL_Benchmark_Code2</fieldlabel>
              <fieldentry>WL.K12.NM.2.4</fieldentry>
            </qtimetadatafield>
    </qtimetadata>
    <section ident="root_section">
      <item ident="g3244b6f5097ffc449d037452f4865bfe" title="matching">
        <itemmetadata>
          <qtimetadata>
            <qtimetadatafield>
              <fieldlabel>question_type</fieldlabel>
              <fieldentry>matching_question</fieldentry>
            </qtimetadatafield>
            <qtimetadatafield>
              <fieldlabel>points_possible</fieldlabel>
              <fieldentry>4.0</fieldentry>
            </qtimetadatafield>
            <qtimetadatafield>
              <fieldlabel>original_answer_ids</fieldlabel>
              <fieldentry>4464,4341,5331,9621</fieldentry>
            </qtimetadatafield>
            <qtimetadatafield>
              <fieldlabel>assessment_question_identifierref</fieldlabel>
              <fieldentry>g55530b77ed4e494203e777113357865b</fieldentry>
            </qtimetadatafield>
          </qtimetadata>
        </itemmetadata>
        <presentation>
          <material>
            <mattext texttype="text/html">&lt;div&gt;&lt;p&gt;Read each sentence or question carefully and match it with the correct answer or reaction.&lt;/p&gt;&lt;/div&gt;</mattext>
          </material>
          <response_lid ident="response_4464">
            <material>
              <mattext texttype="text/plain">¿De dónde eres?</mattext>
            </material>
            <render_choice>
              <response_label ident="1317">
                <material>
                  <mattext>Soy de Paraguay.</mattext>
                </material>
              </response_label>
              <response_label ident="2812">
                <material>
                  <mattext>Estoy bien. ¿Y tú?</mattext>
                </material>
              </response_label>
              <response_label ident="7183">
                <material>
                  <mattext>Tengo 16 años.</mattext>
                </material>
              </response_label>
              <response_label ident="8856">
                <material>
                  <mattext>Mucho gusto.</mattext>
                </material>
              </response_label>
            </render_choice>
          </response_lid>
          <response_lid ident="response_4341">
            <material>
              <mattext texttype="text/plain">¿Cómo está usted?</mattext>
            </material>
            <render_choice>
              <response_label ident="1317">
                <material>
                  <mattext>Soy de Paraguay.</mattext>
                </material>
              </response_label>
              <response_label ident="2812">
                <material>
                  <mattext>Estoy bien. ¿Y tú?</mattext>
                </material>
              </response_label>
              <response_label ident="7183">
                <material>
                  <mattext>Tengo 16 años.</mattext>
                </material>
              </response_label>
              <response_label ident="8856">
                <material>
                  <mattext>Mucho gusto.</mattext>
                </material>
              </response_label>
            </render_choice>
          </response_lid>
          <response_lid ident="response_5331">
            <material>
              <mattext texttype="text/plain">¿Cuántos años tienes?</mattext>
            </material>
            <render_choice>
              <response_label ident="1317">
                <material>
                  <mattext>Soy de Paraguay.</mattext>
                </material>
              </response_label>
              <response_label ident="2812">
                <material>
                  <mattext>Estoy bien. ¿Y tú?</mattext>
                </material>
              </response_label>
              <response_label ident="7183">
                <material>
                  <mattext>Tengo 16 años.</mattext>
                </material>
              </response_label>
              <response_label ident="8856">
                <material>
                  <mattext>Mucho gusto.</mattext>
                </material>
              </response_label>
            </render_choice>
          </response_lid>
          <response_lid ident="response_9621">
            <material>
              <mattext texttype="text/plain">Me llamo Ignacio Fernández.</mattext>
            </material>
            <render_choice>
              <response_label ident="1317">
                <material>
                  <mattext>Soy de Paraguay.</mattext>
                </material>
              </response_label>
              <response_label ident="2812">
                <material>
                  <mattext>Estoy bien. ¿Y tú?</mattext>
                </material>
              </response_label>
              <response_label ident="7183">
                <material>
                  <mattext>Tengo 16 años.</mattext>
                </material>
              </response_label>
              <response_label ident="8856">
                <material>
                  <mattext>Mucho gusto.</mattext>
                </material>
              </response_label>
            </render_choice>
          </response_lid>
        </presentation>
        <resprocessing>
          <outcomes>
            <decvar maxvalue="100" minvalue="0" varname="SCORE" vartype="Decimal"/>
          </outcomes>
          <respcondition>
            <conditionvar>
              <varequal respident="response_4464">1317</varequal>
            </conditionvar>
            <setvar varname="SCORE" action="Add">25.00</setvar>
          </respcondition>
          <respcondition>
            <conditionvar>
              <varequal respident="response_4341">2812</varequal>
            </conditionvar>
            <setvar varname="SCORE" action="Add">25.00</setvar>
          </respcondition>
          <respcondition>
            <conditionvar>
              <varequal respident="response_5331">7183</varequal>
            </conditionvar>
            <setvar varname="SCORE" action="Add">25.00</setvar>
          </respcondition>
          <respcondition>
            <conditionvar>
              <varequal respident="response_9621">8856</varequal>
            </conditionvar>
            <setvar varname="SCORE" action="Add">25.00</setvar>
          </respcondition>
        </resprocessing>
      </item>
    </section>
  </assessment>
</questestinterop>
