<?xml version="1.0" encoding="UTF-8"?>
<questestinterop xmlns="http://www.imsglobal.org/xsd/ims_qtiasiv1p2" xmlns:xsi="http://www.w3.org/2001/XMLSchema-instance" xsi:schemaLocation="http://www.imsglobal.org/xsd/ims_qtiasiv1p2 http://www.imsglobal.org/xsd/ims_qtiasiv1p2p1.xsd">
  <assessment ident="g0d5d45877279b6ea6239d7beaf0f9fde" title="Comunicación 2 - Grammar Activity 02">
    <qtimetadata>
      <qtimetadatafield>
        <fieldlabel>cc_maxattempts</fieldlabel>
        <fieldentry>1</fieldentry>
      </qtimetadatafield>
      <qtimetadatafield>
              <fieldlabel>ACTFL_Communication</fieldlabel>
              <fieldentry>Interpretive</fieldentry>
            </qtimetadatafield>
            <qtimetadatafield>
              <fieldlabel>FL_Benchmark_Code1</fieldlabel>
              <fieldentry>WL.K12.NM.2.4</fieldentry>
            </qtimetadatafield>
    </qtimetadata>
    <section ident="root_section">
      <item ident="g5c8448af72ccc087e56c6519d96e90b2" title="Textentries">
        <itemmetadata>
          <qtimetadata>
            <qtimetadatafield>
              <fieldlabel>question_type</fieldlabel>
              <fieldentry>fill_in_multiple_blanks_question</fieldentry>
            </qtimetadatafield>
            <qtimetadatafield>
              <fieldlabel>points_possible</fieldlabel>
              <fieldentry>4.0</fieldentry>
            </qtimetadatafield>
            <qtimetadatafield>
              <fieldlabel>original_answer_ids</fieldlabel>
              <fieldentry>11293,30923,41053,3460</fieldentry>
            </qtimetadatafield>
            <qtimetadatafield>
              <fieldlabel>assessment_question_identifierref</fieldlabel>
              <fieldentry>gd193001361b578e6b653beb6189284dd</fieldentry>
            </qtimetadatafield>
          </qtimetadata>
        </itemmetadata>
        <presentation>
          <material>
            <mattext texttype="text/html">&lt;div&gt;&lt;p&gt;Read each sentence carefully and write the appropriate form of the verb ser to complete them.&lt;/p&gt;
&lt;p&gt;1. Yo [RESPONSE] jugadora de fútbol.&lt;/p&gt;
&lt;div&gt;2. Usted y María [RESPONSE1]atletas.&lt;/div&gt;
&lt;div&gt;3. Miguel y yo [RESPONSE2]voluntarios.&lt;/div&gt;
&lt;div&gt;4. Usted [RESPONSE3] músico.&lt;/div&gt;
&lt;p&gt;&amp;nbsp;&lt;/p&gt;&lt;/div&gt;</mattext>
          </material>
          <response_lid ident="response_RESPONSE">
            <material>
              <mattext>RESPONSE</mattext>
            </material>
            <render_choice>
              <response_label ident="11293">
                <material>
                  <mattext texttype="text/plain">soy</mattext>
                </material>
              </response_label>
            </render_choice>
          </response_lid>
          <response_lid ident="response_RESPONSE1">
            <material>
              <mattext>RESPONSE1</mattext>
            </material>
            <render_choice>
              <response_label ident="30923">
                <material>
                  <mattext texttype="text/plain">son</mattext>
                </material>
              </response_label>
            </render_choice>
          </response_lid>
          <response_lid ident="response_RESPONSE2">
            <material>
              <mattext>RESPONSE2</mattext>
            </material>
            <render_choice>
              <response_label ident="41053">
                <material>
                  <mattext texttype="text/plain">somos</mattext>
                </material>
              </response_label>
            </render_choice>
          </response_lid>
          <response_lid ident="response_RESPONSE3">
            <material>
              <mattext>RESPONSE3</mattext>
            </material>
            <render_choice>
              <response_label ident="3460">
                <material>
                  <mattext texttype="text/plain">es</mattext>
                </material>
              </response_label>
            </render_choice>
          </response_lid>
        </presentation>
        <resprocessing>
          <outcomes>
            <decvar maxvalue="100" minvalue="0" varname="SCORE" vartype="Decimal"/>
          </outcomes>
          <respcondition>
            <conditionvar>
              <varequal respident="response_RESPONSE">11293</varequal>
            </conditionvar>
            <setvar varname="SCORE" action="Add">25.00</setvar>
          </respcondition>
          <respcondition>
            <conditionvar>
              <varequal respident="response_RESPONSE1">30923</varequal>
            </conditionvar>
            <setvar varname="SCORE" action="Add">25.00</setvar>
          </respcondition>
          <respcondition>
            <conditionvar>
              <varequal respident="response_RESPONSE2">41053</varequal>
            </conditionvar>
            <setvar varname="SCORE" action="Add">25.00</setvar>
          </respcondition>
          <respcondition>
            <conditionvar>
              <varequal respident="response_RESPONSE3">3460</varequal>
            </conditionvar>
            <setvar varname="SCORE" action="Add">25.00</setvar>
          </respcondition>
        </resprocessing>
      </item>
    </section>
  </assessment>
</questestinterop>
